random,quadrant,troi
1054.7716411602887,21257.132164962157,24916.950365389886
3334.055932702182,31178.97693539171,35092.22914147901
913.7744372347058,31831.96566532954,36072.75848829417
4144.783164404098,13434.117362699002,26391.59182125461
1096.4257704809743,17394.46804680728,23101.29699132963
3628.092257922716,48225.963307607846,65855.42583413146
1102.3668261634562,13113.819601968338,30522.421313626557
735.4484375254327,31105.9124179353,42579.11169174687
814.3053331786091,11294.021962245744,18654.93237249947
991.0811590378196,29344.339171083295,45055.52593529908
1976.6713585430039,9086.998434454874,9001.92729236835
2278.6290920773954,14997.018130449233,33737.869917128126
2787.0323751361293,19039.718181755798,32853.78534890233
541.4575242819159,34064.012519936565,45238.153772530626
3429.16144679454,15426.139759214773,15699.402041035042
3373.996718462105,36575.16678844059,42038.38728813725
643.5720031979586,18184.168450831075,22411.213425907586
677.3027892591024,23100.75479268563,24385.124567563995
2934.787950873664,18094.025442907383,23664.746654681585
3195.736764115137,16456.711204376003,85992.71624118519
1486.5670166186967,11433.360247726428,16087.585175688657
930.2188783886405,13149.059840881146,21552.946452382006
2734.2678076928933,15769.729452645803,19317.694550768698
8087.381975612469,17943.290248498863,23793.11389833839
1283.1824188036037,28722.718403219198,32566.833678329953
1099.9822742979745,17584.037776620837,25151.909523629703
1235.2452308882728,14170.333371493696,21915.34308142002
3123.88456213785,16562.210776738986,23902.219832123632
712.5716482163023,29088.751455561523,32502.85167520531
2179.7717441114896,15818.820448237597,19566.779949516367
1502.545170628615,13391.96944833384,17852.24981853276
2424.101530090801,9389.948063444193,16755.92632266578
9149.346512409067,44458.07403968319,45679.93019173351
1701.7962086392554,23220.932038193034,25356.314295256238
1698.4187664969947,23472.691022933286,24626.9339046505
1113.6171036721405,10055.358793029922,16949.14226289052
827.4428226398899,23391.216779955063,25240.03115471572
2079.397354095139,14847.731743720758,20503.707206265215
3400.4713138750094,12067.538398162429,18810.444550849228
1680.5620639078766,28953.464645048778,33498.265093689566
1876.2911560876046,8562.050205908194,11273.487506223231
1833.9793323130416,15094.180917583262,23655.994894176274
1032.8340277872414,16148.562273232792,26897.380621957036
1407.529625117929,26853.568673062324,34461.56749199957
669.877282499949,14378.777377112641,19430.793368510153
967.6150972044526,13266.20791868052,19812.522242148523
1114.6129510965754,14241.160312028802,53947.28061081137
7124.20525769848,16518.96903879331,21633.791773525827
4596.928389823142,14177.65667327949,31109.860500247367
5257.652805471386,29831.422086220107,31039.933676619854
2230.8574176539273,7860.424439744193,48108.96973331506
590.427428317856,18310.897992224058,24415.68688050063
2936.7816584609955,8482.51480064617,39794.793292803835
606.0273787915669,41590.92444843091,45907.41555230812
2219.682942738955,10440.931625006293,17787.6903833795
1377.7349950505718,33954.80650588966,44142.64915254056
877.2087271174663,13241.338705648643,30228.07908068464
1819.312892735095,13268.149407200604,18920.292023830956
1638.3504968246634,28619.29979238235,30898.745999247694
1065.9447310150467,7431.7330041560745,7678.519956754545
1044.273287535675,13106.820648077559,35552.51384298825
2928.8373019727424,16023.267003952486,23329.683328647043
2163.5098158962364,44940.54161429643,64577.71521079285
4235.530215062217,22219.16163589234,37370.14651229486
4268.914522654224,31284.439078279614,56562.133234147885
4849.965815867846,20624.323762085183,28547.369038816058
5106.079770925774,20486.9004318007,33677.359206231675
2833.7736934302093,11552.065548484881,17894.584126918664
3523.197108963972,20170.523116943557,40445.55612782194
8557.346920312646,22310.825494794986,39355.82674410295
3192.7586426346024,12203.83406339138,26652.411132779704
1942.0743391788517,20419.49884571639,35104.20910481542
2194.193507357455,19918.39394887028,27618.09233779575
763.1441920083009,36278.8499823181,40093.60240653615
2611.423104432509,14278.318277379276,14128.010427154526
1486.7186223647411,17331.881685010565,39811.9194881509
1802.2799040563218,13513.84588359325,13513.84588359325
1294.869044131295,19996.094530954717,57645.0883619899
987.1103990657501,23485.70825665631,23391.973812366083
4226.451034540212,16969.2921346697,26321.110460886244
1280.9596353403622,25289.428030030613,28744.832007975903
1143.4438866315754,11687.424024940925,19673.02696538496
2770.7440290179534,22007.195305072393,22007.195305072393
2769.863598246731,16755.920217027342,26535.925477726207
1127.9519896525103,6084.12039345345,14054.155634357981
2423.3716294913306,8837.018745553713,20024.192412835528
1792.1440657523729,25701.711946052794,26045.831843698867
1961.8169432782272,14899.522712317512,15414.525444132789
1036.1803219706842,27172.056844792656,41131.144841674926
2630.055188758578,35021.78192312421,40867.15074318476
1546.707127742452,16358.79673221741,27765.726138449892
1761.905666678474,13072.37760775441,28082.24020924663
2628.079228725294,15014.350646193452,38837.8105532125
930.033456863748,10565.865742772061,14712.848279490996
3346.493006747938,25263.770885957692,35930.08521794274
2308.372672697377,15956.25230582253,22980.778727413563
2222.312024857223,17142.275737020376,20718.335934718172
504.8928416246482,13038.603684930195,22515.79752631367
3434.4845068122086,19676.62345731421,29986.898220841565
3380.4391052568867,24577.04933280705,23540.241547547543
2655.48114940536,23307.190821138032,33038.56175212677
1211.9876702568363,39845.5591496301,49167.13487618738
2237.591185100149,12065.489065250062,19967.492442421135
5832.166634138488,15676.583863686208,36624.70043562028
5033.970870506152,24137.190558610546,29364.67875964013
2317.88571737395,17239.5261401809,19447.424658770527
1258.8267190402642,16788.31233092852,18030.74433727117
973.8478868378077,10725.05370618372,19428.16175303396
3143.311732297982,19772.2229121147,38056.1065692899
1549.938849571038,11662.82081225822,23438.626824317947
1393.1423518824347,10850.142939771058,13186.931220417675
4226.706278896681,19398.39344026173,27473.31563084443
954.0396681881379,10046.210450022927,15640.831046938843
1266.8917172420827,9034.103274010973,19744.91288804315
2156.9554335455828,32210.795647479423,35567.80892603896
2371.4133337422045,18679.076094424592,18926.146109872305
2362.300627788704,24277.96798276667,60419.44867605877
704.8915582755617,21791.261271314143,39932.199232331826
5664.569894303769,12292.134191736508,22877.196436529863
4707.834192663252,30343.92042250133,50651.797423138305
3164.5086792370744,39917.29670372386,44861.94343435975
2506.0416714335965,13147.697117620148,36997.958346878506
3660.6376562184505,13336.553968189364,24246.410496392517
1802.6052362778933,17386.185912840752,28388.630071361076
1442.4243944837713,16473.75384711006,26848.478303338292
1829.9343463195084,15973.863939079047,21072.747997347953
837.6072336560658,26236.94749487417,31109.220549790665
4662.601221771234,19655.217289586464,28216.667018588207
2415.3996939119097,16384.040752434976,24619.489608414173
914.2510793501164,14816.13437386221,24561.839655806045
1704.3052333224482,16624.677882289332,19392.352840407937
1792.89204146334,12437.434901022161,19875.45586482139
1628.9891985781933,19293.331894893334,22305.332424152828
866.8835602808379,18251.11009497744,38153.014821541256
705.5407510195216,19244.74495404867,52590.73812468988
3330.832474328507,21410.484105631444,34599.97253148833
2501.3359031434356,24412.322744556426,33756.66051491376
1188.993464407854,33086.70739753033,41465.98579812035
221.3235201198181,15783.207649098487,19320.875103201943
1885.315920272271,19726.75807119499,24029.44774483717
1524.5628585746417,15998.665546184333,22483.57247604836
747.3377087055854,9437.54579127353,38670.777755675765
1773.543718299756,19506.536414638147,19512.083859388767
629.372634091741,11621.710105814784,22080.38002645972
15116.650598253349,31824.17888351204,35761.923866746794
1746.7913169322158,30478.46322583971,43781.37148513116
2884.363896283141,63816.92163213087,77077.47431111097
2478.403900576927,15099.059692127448,15970.680437422072
3546.8545411795794,21000.008499558964,26718.604350465746
1260.6817629165519,8001.444157685846,8509.00338862699
997.1258392539789,16636.769831995083,21436.13406345555
1444.2174080453526,15921.302091382971,18641.84694020052
1720.9821276096386,16420.33587129583,25019.204443055583
945.9438990762093,17398.85903317438,27070.78295929032
3370.4090826601496,9142.101381027347,35701.91745170383
2040.9137330828398,21207.91201994361,24220.968834511645
2374.4772407169507,16876.364832200918,32929.506914394595
513.1980218988011,19674.583415822523,24075.294877126886
740.3547920268288,11200.427452502927,14457.566735785362
2483.159505832936,15838.599575428912,22939.838506773092
1251.4993429404058,31605.657354316318,41969.86873155124
656.40884717835,22593.05662829534,32427.878005455223
2141.0491507660554,17214.812143472856,28811.39602026338
1139.225539554949,23226.41019067122,29058.204845445984
5543.673651676707,19789.37178908204,28879.590464730813
1076.32098512484,32756.207932276466,32756.207932276466
1261.666674797234,14374.251925873716,19844.744401897526
732.3554069362599,20103.700415645053,35918.345632124685
2414.440384947934,20750.584379138003,19151.943499228964
2929.7025142978623,19918.431491046827,20180.397659878683
646.8090860613605,10307.878459996451,19772.184208095325
1539.9859859031926,16490.956143823747,19340.45817030199
1456.6508285527689,15882.675729501714,24763.17530944305
1293.9110209757218,24070.843286134535,25083.10183453961
9479.633378943572,14483.899119027255,15569.034115216911
7990.002325702916,10459.011574396523,16322.501265002185
2679.3944663767616,15904.647898320336,22806.018917125508
1723.6278223672723,8322.662878188119,12264.284946758373
1624.1069493838143,22839.474089295945,37370.61349787841
965.9646179277222,12250.688377923352,31862.763045549465
682.0371552145776,20222.383573948104,33661.480348534526
10478.661915833703,20766.91685823853,33183.00753655611
2290.2120639898326,14657.006632365648,17185.07890028821
1375.9575406147972,17773.446973971902,18669.272676798202
1122.8396076253432,23014.89310309746,31301.496688329848
1610.8468755363328,13914.668942413511,18280.862610073007
3149.2498140601633,38289.80333863026,54041.96616285862
2311.7692922251085,20749.69270184437,32217.3604487469
913.6333398964829,16308.329753046359,23156.110710444107
4793.911735377457,17092.08715872713,27773.930402550024
1314.687797445107,10894.001367854293,47118.76263476218
842.085882427267,31121.35737751613,53548.81836756629
5148.0548816485825,27590.964493353764,34837.4238079371
2085.9476937093864,18139.822961117614,18515.71124712364
2187.6922297660685,13948.306677665842,18307.038680748145
1709.3520790006378,21472.61776874298,38416.1369257349
1574.4782661523368,22472.888469370733,25172.699262738122
2528.8342254775025,26124.159456048998,38247.273044354755
816.9474028514874,51182.25266788692,51378.35218952874
5732.7937082581375,15926.315715374798,31101.34760381704
1182.8983121993408,16978.047561940395,27217.661090272763
16269.60086011092,37117.00358038725,53283.23983439921
1412.7251342357943,30842.614063901656,34366.96664770726
3979.7016636855524,12728.947595560438,26607.83043211113
1112.7495326077355,12611.326031186163,24133.21025236868
426.1456998857955,28972.97276849803,39624.74581668407
1158.2290723977646,12641.191707926431,16053.368640848523
1416.5998620925068,23707.175639610177,71766.61839374529
5475.171785081241,17812.755978146586,24527.98699089837
3251.3442519788555,38817.11670722712,45939.66137919578
1333.6979529009222,9387.911998327752,22185.417169718607
1438.1852189936428,14070.38743949485,15712.161791114679
904.6884689106639,11515.533244329594,24121.307762077402
3250.8349216496704,16181.530098635556,19429.139152227574
1192.8798899701553,15143.717401612048,22467.076703013936
6864.142323046422,26183.05445943362,34296.528046864005
2574.9475343751524,14819.913236515196,32368.304046292043
3825.7039451900237,20558.8048927473,36372.56239050674
2398.750564669616,28095.26645972845,40915.59711018493
873.7457947139392,23118.2428897598,35287.6318824186
6326.704318480005,13739.664835508256,50339.639979181055
946.6481096131224,16881.566502306207,33801.48493520363
2734.9775772391367,19035.288633431785,22364.02015157466
3201.4872959898125,20766.895195502566,40418.53715265955
1260.0992436663219,6967.815609170633,15453.057080322827
1266.619469598889,41879.32805120224,60618.07425135976
1020.9397902484752,19558.12294770245,30895.573535679716
2554.1095909282326,32484.542521736676,43982.97604918314
2146.0320732382406,12494.251393132427,17319.072792679235
1642.1179213454302,26132.570296642352,26733.030979053176
1111.2909206554784,16040.36883461878,19925.18888934297
1355.699384654032,11481.061615134622,41778.03577472614
1913.0864926837257,12084.470172147683,19518.585244276794
903.7352245159461,32665.353430137304,36598.570129130814
6972.09930669982,21656.197345026405,50764.381032175545
1424.404626579188,18460.229145998368,24315.401776547922
1662.0237398789227,20182.257222384218,21443.4695847525
1091.9675880753157,33126.998883382505,39493.37390180393
3289.129009967014,47974.301050411166,61172.17309221129
1272.1722205337762,15520.206304006324,19951.769113039663
3319.8672903440124,23505.468200541833,26804.830287626293
811.2340652951253,13088.488212353586,23341.00353558321
3533.3577515151524,21075.903511378197,22002.340332212636
1884.8567160872997,21490.62925728623,28097.819579753857
1169.2641602952358,8256.29746133959,15827.275220079595
1040.000198091651,36404.134412461266,44118.65703383173
3347.7745363830686,14470.438784889624,21048.86043990635
2915.7069570349126,20971.16656679524,25135.24128346143
3382.5042639952894,26292.787516715463,61574.31341866845
1841.9204860281952,26792.561229604067,37783.33788336147
3867.979418544252,10476.054144371677,18445.11955201
4432.150084447787,20250.7463555988,33867.31514663718
1315.7226409670932,8676.968544738002,19480.978088620494
2159.098529202799,13098.969229342743,13098.969229342743
2267.798482146523,19861.847276329758,28285.296725380253
1681.7196068557034,17872.513149218605,29332.006139149926
1478.953012133799,14341.819229197763,18966.49542929024
645.9331303753698,10168.993345087018,21299.894550576842
2514.7854867747815,19288.649694153533,25012.39997479767
1721.769204772385,22950.362452168618,23406.65498241194
10114.979931612621,29647.675071876638,50028.596566347005
4262.648918860776,9832.752863660437,13591.57151768288
2349.688718817135,18712.53249748058,21926.660180622588
799.6911487921017,15462.42510259523,30633.52852136399
1638.0450631364333,26104.559740999113,32322.299831024062
812.8224925765879,24128.69683322381,42205.55241086353
2063.288156702032,14755.176642174472,24558.942975655267
1724.8143764512922,17455.678513182873,16346.183834010319
1044.2493701950318,14766.628230559209,35019.68543825076
6586.858566927972,15791.244244133351,22591.67406570221
3719.467958649421,26607.34308951584,40497.88783113847
3312.310389244158,25117.80376629449,25957.51427361946
5293.050929514487,19466.037768444912,23458.739446677257
5171.134085767904,25178.922777904103,30226.19783965592
807.3128200524112,19190.084022595973,38464.20213252864
2304.7503593367196,28240.001891773445,35635.46089724446
1555.3319283056876,9666.856490682025,93633.57118144147
1695.1257238111102,21845.063217621504,26022.589492030333
1408.4677645345334,30285.615263994863,36217.196099642715
1093.1451185068302,17301.481151384636,24146.363491169832
5800.944366643212,59339.0301416887,102620.38332697355
7710.607433932201,38361.72482359292,43393.31926687707
857.8230162009086,23811.622577397655,36393.971974910644
1483.7030488007392,24011.744462323462,41243.876392420294
4588.589018352384,18845.252216938916,32109.713672390946
1821.1567324557998,16727.643180532858,34399.36277774066
9273.129459836557,23957.598424369065,35237.58680355355
4408.751964835212,12896.125481136436,15874.341332515038
9739.145964104,14741.87131966366,29347.585979148407
2699.5714003656517,16814.057174714315,20460.0695969539
1213.4386169638199,19959.96546285637,75288.9783114202
902.3705458509398,17793.482336751807,37469.807251044615
1841.2984815817902,18772.54386321875,26930.0866732568
3394.1943707160794,14422.964211303532,20527.843335131496
776.778778825442,13704.412909490187,19310.435546175308
1762.232302604365,19941.062728495486,22205.43248005438
3261.3137402202624,20244.825693282808,30158.34358222326
2815.741058043086,17560.518223577696,33478.85741182368
3646.173136891613,14184.904014161333,14395.575828495557
1177.2877030713594,43491.699572308455,55323.80046097497
2750.8636840584245,18702.19581691065,21655.4837291469
547.1448253867633,28833.96905112948,44410.75271797
1177.6758048247336,16733.416557726945,24216.483730379387
3459.2372732478016,13769.95102685066,26266.532557685867
1372.5029796651434,12608.219227464178,21092.030355236606
3243.9639238777445,13916.943635116904,41550.60176935849
5369.33179554238,15287.084059430008,26388.043315775478
6591.174186743899,40867.99938457081,44514.642237244574
1039.909656239149,7622.706923278118,21237.004277197095
1210.957742895101,23727.31169550143,23274.201676155768
822.6043585556478,24278.45241542642,36277.34644190329
3298.9588027995783,13964.205610103934,19196.23281242893
1594.8318810261492,11143.535833844453,16719.745497549422
3455.5731327897042,19471.784041782917,25818.447467236892
1161.2297095755316,13731.569427905373,21122.197941034243
5750.029624206994,26000.838321265426,35956.04649243773
2121.7664088681654,29298.044522179018,36817.73482538366
1607.9919213546032,35206.97455479505,60619.975424342905
1452.4417916625225,13905.950013966218,17293.948090703703
906.6709763192802,21494.385195709525,32707.44985747251
814.3733720956968,36402.784216651395,41064.9955455919
3147.1710430815174,20100.510469908782,51128.5343698441
668.4110436930255,14481.04971609754,18751.478586197096
1614.719926159074,14538.151938049314,18743.345589484954
5543.277549442895,25700.491400789982,28988.423801628087
3497.348696925717,16079.411249469542,36265.84965409895
2143.6875069606144,26826.922869571903,46265.66081055319
2758.014189727976,44513.869349073226,55454.43777916227
2805.920437603283,16451.8775931904,25296.86733220141
874.1725925523408,22355.850836279154,58025.51011091706
676.5070687732688,21206.084232348414,30479.273116250988
2487.9543195099877,17651.242872726394,29332.59473216999
841.2733068549703,31019.668407581503,34369.32068295223
1868.0554398535608,14392.10348038388,18538.104023940155
1833.039355148944,19343.54765249109,46578.747928112745
1771.1815433330937,12721.69295019923,26592.657519145534
1652.438873222327,15080.565237142078,17740.63932799551
1482.0084639906993,20683.27999791653,37842.083067707994
1653.6451808284753,20363.344336489667,37939.27722580512
4145.197983318826,18435.771312860783,27748.20982390826
793.0910652515037,15122.020463680301,17478.88776299355
2970.9406783566046,18259.97498074789,23823.858069617443
2075.202988385517,19543.0299821844,21677.42543949658
965.0924109662651,35578.46983316068,49844.743138401864
1054.9429550478628,15751.911885881127,23954.70737958937
842.6195921084234,22092.285078269782,29167.847540971405
2058.777191727105,9230.456681703028,25338.431453197765
2576.835931442127,11683.309567522385,18411.35952009695
18644.812934246143,14081.202711013573,43039.140180068716
1171.8481806489679,13933.080984223225,23778.61787597142
3376.7703423060566,15770.471371704907,30174.742881718234
1188.2291578942259,37051.00307247801,43814.78044628833
1255.8932344529592,24527.232042723623,25799.30870414366
1193.6428005940988,15469.58510548896,18474.693572946115
1710.6090899673902,17084.498497401,19844.796815810492
1859.4765049022728,15657.703731624186,27924.350918257467
4129.625736506207,22475.320352835988,47810.24774004697
581.886741893487,25094.563627294487,33732.35671868887
1634.8346674742538,15317.872389876173,22889.658623368006
1297.060014950307,21953.37252193043,32505.880402159575
1453.8722506506683,12321.14994518426,31037.26142680954
793.1126638295615,30074.027930958902,30133.657533187892
2811.9545775538695,18608.92393627711,26018.013975573656
7458.320603190341,11486.042572468117,23618.737794223947
706.8326066764979,24926.86381752813,79698.1769345683
1649.3998801081207,19855.684086736645,70017.19662928533
798.8869485570683,14252.948756062136,19522.683058908733
14272.82039579406,28068.401189421496,51008.78678501422
2795.447477525138,25898.555202219344,88699.98566491781
2133.794275622098,33475.2993489427,39509.14437161922
25145.448638308826,14075.672925443363,56740.021445578124
1356.7951366400594,13863.851851987247,33035.91211429832
884.1792884655482,24094.72039023636,32665.860286449173
2697.1507352262297,14943.555693555185,45781.00370547698
1577.1552502403058,25599.45861974719,38815.96971626395
518.4422721116192,8403.451943174572,17779.569069876386
1748.0108939013287,12916.683877658592,12916.683877658592
1687.3729313839926,17305.687927504376,18714.00666434724
587.2629410129335,28024.741902066868,33541.06238196945
3648.485466632794,18159.766146329697,20415.05169115263
1101.5577587821397,17625.846307465665,30347.035187372257
999.4938455778469,13203.626185452033,20956.260888259316
1447.136501803164,33195.07547917852,34868.99104387274
1064.4983894150591,21961.80667374652,25332.344191178647
3647.177127562085,59822.75110873293,63786.754361577325
2232.513138247641,22313.610402003964,20477.76354955659
785.8907452922105,12647.21209835102,23861.372379718698
4909.020812993013,19459.19046639212,24875.082775377028
932.1891537531338,23843.19411956112,25193.282911921087
1709.3826216613295,37341.64649505784,41881.04086128012
851.5880059184592,20872.684461667766,49435.863477668216
3256.4910482197206,33709.11823215843,39709.2799186066
1237.839187173959,21782.034880754523,38478.79504528101
2427.8836583687926,13986.378046596763,23952.117134841603
1905.0313782709907,19093.894912534503,19443.38090866879
1111.2065802869324,18453.836773434145,21419.569611861683
810.1262854128989,22112.255255096494,31049.967746752925
1067.363412943258,19290.79406349856,22286.592275817704
1773.5066529333458,20976.559053410972,37966.69019153679
1750.3732828797472,14745.180245804962,24669.509805852114
2032.8930336823128,41855.24320223894,69753.72101734906
1968.8632232201212,17232.21195503299,24926.532027640413
531.3897082688641,13482.549733819475,26022.414180318792
2268.04980668814,9434.914245160942,18959.971371684846
940.8433929968654,18197.256015815303,33377.82170069037
748.4005743220073,37773.545317631164,50290.724861139584
1796.1157996649758,34124.06190830722,43581.56170794637
1265.8090344235086,14529.385857076793,21277.62813336456
1087.2696334146026,15900.171631614634,30333.02735381659
952.6642670760965,9523.973461801825,26900.73016480913
1341.9907458800674,16782.661535693027,22381.222494468813
5762.746433895221,25329.464238315537,33843.88277981149
1221.6864773996313,29974.641709989806,74290.55502120314
2459.633335641677,14880.054517816969,14880.054517816969
1973.3483539926315,13348.860603595722,20498.47393480511
1340.723955560131,15842.854597807907,40689.259667810475
724.5547029866779,18685.515617540605,75780.24392834025
1196.1740759437837,26273.99352128599,30251.2733823218
1345.0994047720337,14957.048786847085,27776.44368526707
8967.046528105262,50646.42285142076,59787.552893234155
4644.232327432596,13741.351301517227,22814.13863561998
1245.6055691885185,9046.411846758203,20881.369105499063
895.3723686827269,17713.615259998514,30525.585273049368
3776.446506482786,11759.342024917687,22567.77533260753
4079.716783306022,14355.358632312695,30061.22125337474
3912.9135432943553,29625.153021195598,33579.374190079674
1437.4033875222015,13766.995168826299,40628.54941914007
3295.1460268901315,26040.13218332349,29941.879894861235
1768.3817127880827,27778.376914414148,30590.425308744365
1547.4270038247091,27057.656846685,55347.06837683244
1414.9741765403317,14936.989651230273,19015.020128161093
3684.171753989898,16548.681511178795,24372.666548264067
696.7254597474517,24896.484250521677,31645.289552606057
871.9336301153605,18219.90931824843,22681.01793329131
794.7085952167063,25691.283741148556,28346.348217393388
3606.750199594029,31910.86622827603,41341.14212621023
8342.652149785534,20835.292377411384,31368.132338923755
1276.3424328173705,18201.72595024099,25866.591786706234
4570.041379233316,21600.478148703474,26692.612865905015
4349.174668604781,16888.40604987971,24183.36847845386
1677.9320039432655,11905.09828313064,18800.934462579866
1395.504420950364,10521.783266848213,9705.090993547694
1638.6924314957905,21115.883928171665,23268.734657807898
1117.4456971059153,13791.425185271217,23803.824138841264
668.4296487446474,14362.359516535475,25524.0566720152
2101.1288253179414,10815.633904724324,12277.765153173026
2513.049352364764,13825.979883023196,19754.066322386985
12478.206916608895,22038.429583140787,30040.369442216637
2542.6453946331017,18441.821463546665,33750.94731422772
1272.027314849464,17472.941442663727,21685.14359310847
2308.376827897534,25007.152658143343,30908.571159530366
1423.5522286143328,45148.423769007975,102026.09439681005
5484.612450565174,28747.563868242054,36711.88139956591
1352.2574946242155,28537.825587398896,36329.50818280554
3972.138513422201,31835.28633755469,44811.70758727136
711.8173350459821,23990.220007590837,28632.26130564162
929.0866670111311,14787.392768185598,17739.490539403072
6215.280406629772,22580.4909308211,30738.449022524226
1524.3133402118929,20212.783623686617,34447.01568082009
1700.752128641369,25014.813695610203,38573.166123788214
6420.9132720744365,29082.963692552756,30697.969060079304
735.3618601464137,19435.04291941015,39083.30027232494
4520.930845512201,19887.986842762235,27423.6139158637
1177.9239297648862,84655.05137055613,104963.15450497693
1187.2610252990237,64764.827731745085,74028.87274315524
920.0150226770946,14110.580102921886,18053.3828754574
1901.3104621594962,18893.872456003905,31501.20940809745
1095.580540621765,17127.85480981182,25976.748238082553
3064.165648527926,17182.040060859395,20243.30235662328
1351.9952309310588,13338.507702640489,35057.49498730944
2812.2292304097764,21505.616002799696,21930.66515626146
2302.9467001913276,15619.510594501333,40061.19093769646
3122.729233287826,12883.692117019846,21161.276755611045
1768.2862816439347,16735.071084343028,27033.97578921858
1206.7105993906641,14169.586020577352,18992.805286158637
2514.043949250499,24050.558397772624,26954.871010273753
1359.2642815085762,12010.531238994427,16017.081391408134
2437.977848669509,14975.86041959753,27598.249148733186
6866.457940081658,27050.75857215102,33917.2490900583
1664.8300979579105,17840.62936726643,38909.00480131038
2785.954314071345,15677.300301931842,18861.88210540059
1670.9602012168803,11072.018333615713,14208.054178436738
1300.3988458596914,38867.47317984142,54393.039790367235
1224.4778440300977,19261.937893267892,48100.809329106574
3665.1440405743456,36023.85531002566,40185.009878111014
2474.369827263013,15868.790391564064,21865.711738133763
846.1654817639014,22247.99325596323,30785.179252355505
1192.293892765603,9373.809414786336,35745.41209236939
792.045461975754,41744.62937648034,53287.64119435054
752.9595738382006,18698.06630527018,27101.212413430592
14521.175770607539,23229.814210413566,32348.52195777504
2091.9346300448697,16413.346785661175,23333.3872133168
6112.981107289949,10527.351802017112,20062.66520669515
13523.288576643696,9840.482768162175,45374.13574036697
2201.2528556124244,10722.163777987953,10722.163777987953
3659.5178799834357,25315.85324275542,39728.845388371614
1907.4056299919396,12562.661224294767,11820.288834805644
949.4400220708505,28062.569788633577,51656.44391103626
1662.196923696339,31599.694663286453,35893.14920897203
1900.793383514158,18472.161851063676,32298.34307040331
1033.0944330563786,27418.731856616498,34598.8674724895
982.9636112574577,21787.05626540302,32606.30964225135
4460.116225503387,10217.355919043777,15312.30331774261
434.0483124763217,17828.63702367937,20870.220078737926
1343.9840522915222,23216.44162251644,30770.557414981064
3541.2764818491246,22859.13608243539,28014.654241956738
702.3338773290253,22715.873994270136,61033.41428868407
1213.511565307189,19199.89607343916,25301.254691987746
3297.683909836059,6653.044959604866,22194.674068466742
1093.3836978989646,29159.296068763066,32916.86222395776
1884.5797269022253,19234.454538619993,41291.79752848263
5168.015367964794,19573.915711612157,23407.68329604518
16186.435351021044,17459.068809642537,24373.780028699795
1184.3186044834245,11264.932203234597,20102.942072845097
3504.9488950817176,16186.842296205492,16125.451315259508
1155.2934125408433,23446.543758224972,29469.409046547342
2067.4199633400053,24349.211336109453,24349.211336109453
2579.537538665918,12950.488556111482,16249.939175803976
1111.0657121456359,12802.659541291074,36513.70594885378
1349.8273044412547,15963.106905603223,29317.519276535146
714.537780523887,15672.00312189274,33866.33806935388
1898.0998395143263,16214.589387803317,26429.73454169018
2692.1670426729456,14437.047575490864,22455.017269136566
804.2124311558775,10478.354398872547,14166.578810157409
975.1936084038085,37452.986183005654,44639.212252763675
1337.7717655263996,12751.270702357839,18150.54366443567
1459.596864324582,20553.065271542957,168281.59378652298
1473.2983929057273,17859.60193026334,19178.964753278513
1505.0797673799643,19844.848355862323,34936.761127661906
2434.3320254353207,9302.188537249112,14292.227017615784
1309.9132229983736,18407.230587337603,20691.17768007236
2180.6985667571557,16711.129810896382,30935.350990392235
1708.6908483978184,15052.066599855334,20811.452791564217
2417.503991458919,18672.729038597634,21350.74743838297
1209.1794058770822,21346.82140192308,21725.297346355394
2319.9041708078275,14977.325375428123,31075.196468607275
976.0048481126645,21875.895471778615,30177.911359333168
1522.891906608146,12546.966679732288,29046.4376045055
1657.7048745253244,87803.45114366236,89321.38636628284
2042.8026622277944,14041.441854268352,22044.49745727011
1505.5995282535143,17375.378340410465,24857.85194124576
1094.6053789071439,27176.63273878841,35318.49676759843
2133.2965401451015,25049.538050632043,32510.919016602093
885.9090850538983,11144.079290789592,19592.559575302057
2452.858885898249,22026.76807811204,22026.76807811204
2033.6869506072198,17207.49719943498,36896.47720648038
2312.3605766575643,14003.06232157735,15380.392150265312
1262.2532893536409,14829.797813202467,22823.918005306357
4282.316099285701,34002.38529053153,49396.838386747506
699.2372503380178,35102.60371678173,46694.345866624535
1331.3199558448755,17162.831971313793,18068.12046378487
6081.423439145737,13230.756181073275,26865.585697455117
852.4367399001362,15189.691004966498,36007.95062267599
2017.7682955278303,15058.107835340732,22320.41638202254
963.3450620519574,15611.54885018002,27341.81792038152
4557.987153699277,15027.842213696975,24207.848832072745
1003.2100726110524,21302.65921941998,38408.71133449062
1899.7385612637684,20387.52743593713,36463.05702396748
5979.264732812953,15762.456129367849,41762.37919360479
2151.1340577814694,11074.892505959508,13525.627321773323
833.7561322945284,17250.791762005614,20903.158809528384
311.29144049366465,20500.87824132719,27102.248666392366
4276.541492921645,10669.288478924278,14005.431869107955
3205.7289961897277,12486.818400065045,27221.905352171514
2560.307103958603,21404.847921069464,25966.047005881355
3542.2675680750326,15106.093257550969,22994.54700101239
3811.2043901161915,19194.311700622704,27842.861624250105
10483.59394764139,18376.188096149017,35970.605764373846
1891.4336242864742,21284.03268481258,21639.03841592836
694.0067297859592,12424.362034273074,16563.330441633698
461.1736735847449,23432.301412941655,27775.237761001572
2136.2692405705084,22579.698543809784,31869.978407139275
1539.5706083789605,20271.73845771279,27263.738214445046
2922.2951815577158,24381.64566214691,29890.395577768955
1514.8914612463366,22177.353769463498,32719.8683082927
2297.994691872169,22068.902440740334,27690.46128797896
4038.6392023277144,34403.831775535196,38217.149904160375
2280.3864045495416,44299.143337440706,66360.71543258427
1371.4866086865345,17293.448543062517,21272.344112720413
2333.2693121811176,90622.65220126044,98067.74170507508
1246.1514423859467,24387.31403109211,39151.32403749208
637.0785545861041,19448.807764791673,27907.827380450908
1657.7176145356932,15776.441067738984,35733.65202030936
1058.4043293374632,18184.285770216036,24619.635032244318
2444.4920615089804,32315.639680985387,39859.541229911316
1755.1130338774535,36484.42343056861,37097.964989049084
1689.412680118587,16024.366440369035,43437.34036303553
2968.326643377629,22284.51992132402,34060.21088182346
2594.330603602246,35246.93765621398,51591.96921292738
3625.041283999383,11310.372019496761,30463.9947096157
2378.840066656232,15808.608053489443,20641.255300649114
1339.7934827445354,41641.34337496951,49346.358239939465
5249.965969023571,7903.788407879684,13937.344670705344
902.3598616708204,20000.677528919165,21448.187862874198
655.0183499415631,41546.6656214415,48455.06530500975
6076.745518900389,21303.207744631924,37474.52931983406
2148.701246553906,21169.517006624952,24034.382724660994
1611.1758184002658,19545.585303227035,53187.789012641406
1598.9604746304344,13383.475922673842,24680.279039788602
739.5289978600199,19309.29535858648,29731.881579832072
2262.6587882882764,11170.606080629972,20031.128343291402
805.523526750356,15502.231463561298,26395.333864765078
1977.8418616228676,24327.392912599113,28617.883759527984
1268.1460805424517,13283.447561473475,28241.451160052038
647.4698119804707,23096.654530671927,25728.79600948261
1034.8473396247527,10419.797361997982,11904.640426687516
722.6259866396259,14254.350774394048,22961.607781405666
4813.476443341134,20478.770690308098,25675.461943844777
852.8140844588766,8293.476411599775,15919.068499580133
1039.5979523925905,49081.386845608264,60533.91864984973
1411.9904878077818,25818.75860798371,33231.65286823471
1258.1731811957227,27901.093508284743,28658.938022472434
1105.8488394928447,21366.01103219227,30456.97849232644
1339.3852023615088,19383.86640291434,34944.427025655525
1765.4602598614329,21017.941267823033,28065.648833260577
2201.7888447104515,26672.849041057234,48906.82629454488
1818.010102476759,17475.35236495392,22431.96402657965
834.0785716720967,21408.24601326243,26678.853154720935
1626.2939194941673,30612.549177068293,35221.855587816295
9496.16763874084,9161.121410589134,19711.99640849594
2553.6611585027317,11115.499819150691,28197.449840347203
480.8188728476915,11626.887238771806,20813.342778392696
612.7850496131969,18497.09794028376,24259.165393274234
1361.3737670677122,23881.752955379205,40212.06582136824
1007.0743936668982,18089.857461844746,23472.5183396523
998.6806964711317,24701.81961089041,27256.891918858702
784.1320013194371,13800.203436435488,23319.879269623492
806.8317006385093,11105.671200954397,15034.339629612177
1149.3337431162308,20595.540775755682,32930.42500772384
5039.403685919261,18856.86611188249,26756.8578697459
2333.853578640566,12328.60393069303,20250.972593359023
2936.5427084399075,15713.603817852936,15713.603817852936
1470.6698056049506,23629.843922230775,27052.264767730438
4750.217312176611,25347.071538545588,36038.99262951557
2057.3343752792625,14745.617949431473,16393.310942954973
2139.420307789478,16181.67348206398,26406.972963733355
1746.1573595797063,20795.04754861671,32747.397095599765
1351.1588546750418,22122.909181737785,29284.27797761196
2963.881288789512,27629.78355296842,33624.57315273021
1285.2885199759444,24421.211562199518,32693.378515482502
999.8498596582174,21695.789831550504,22685.14499948717
1027.5916732395974,29079.756896597664,57050.481653581744
2464.5985363303216,18134.929611638636,32914.78347392836
702.0395124615476,27404.480178579,32539.659982258167
2260.2873913630024,21718.15171787669,26725.235459979183
387.705409310298,14544.459071357393,19120.12850016655
2654.770760004484,19375.063892930855,35911.00790105179
756.0288418755533,17535.556456319915,22259.70820916571
1174.57535047348,19439.900496094924,65133.233166933154
1275.9768356815366,20016.24529189846,37680.7282281262
1077.7284444924449,18257.238407541514,21230.502458721425
1005.0076597200389,19597.882264935794,22600.02565764122
2936.3546914726858,21718.89431533369,39866.47344385289
1015.2397539073294,14695.743994109487,23138.711445800287
2980.0492742430683,21433.405416502894,41486.74881764095
1214.5211290108311,17461.75112198613,17721.729805078212
741.1623669674722,21100.02386818972,25432.856535104802
2014.630441389304,53585.00473731255,61177.99766070956
5659.669105033684,20672.575294690865,31584.31496262923
438.0649097033708,9573.357468127078,10625.45329172538
976.4845681534414,14585.27436858156,29135.16005943057
1546.4766748598927,19829.066509513537,24100.86046852157
4177.39810665101,9164.985818018657,15562.019363960491
3122.390278123745,20832.414360985164,32227.648933843884
3558.628789901177,23783.86601520316,24770.531087037318
4476.512569110528,11857.115590601836,14097.131176912822
614.9739284413843,22165.451835782413,45769.90927783912
898.8190961819435,29381.720459619974,36986.75280838826
3089.369426147283,22068.452189413485,28138.566779779863
2545.1241118385324,21720.846634850725,27406.81850147145
1636.2897256223355,12425.597530474946,14939.725559723434
1597.006764925779,15717.33154697305,26282.158896364082
965.6174830367056,18299.0747696466,25637.383168134784
1790.3861109340994,11131.831935792154,21677.986648027283
1978.4168850764606,16591.30220912066,19518.873702160563
1295.536567987815,14082.963557568066,30275.346246405115
1065.2014628121033,14281.347028931883,44069.55285591581
3587.1313607754114,11824.33609928084,13373.012010223674
635.5696342501648,12754.034240629517,18568.222851152223
2214.056887004567,18218.513567437156,31970.43631192005
1209.6406003723544,13721.772901636934,24001.546912654554
968.6093346743212,11178.403113137569,19612.909903572076
3180.1595414572266,24102.171733420902,28434.415732395406
1612.6312060164614,17549.82834019421,52101.918351521126
2587.56728365998,21927.51341909863,42635.33435275309
1304.4544321052285,10718.498990489197,14870.661683364779
1251.2931910942025,15653.276100770478,24725.64667716715
1505.0479787384336,25081.08459612604,36379.062423944284
636.9341612929802,18300.90011226172,21433.185778399038
1043.4333715957737,18809.557064427212,18809.557064427212
1998.201996847391,12829.37105821423,15093.503242298544
7432.772231918114,24003.40646318185,32832.70994887645
872.4363589611623,17660.74563973294,28122.33188196325
9067.773877445765,20994.772103573312,25135.51662996658
2541.670006289739,28128.743965304042,30207.828997232395
2209.7861256018164,15434.81957029316,24083.132571563143
1831.1257819389948,28592.29026553337,33268.42724474721
6236.602862261571,20315.564997270896,44537.194637664164
14971.384494411266,37081.136154757216,40542.45996227618
2120.708608096791,12508.662084817694,36694.73363346884
4892.616426285421,16404.565681275904,20255.560037402625
2257.770828855194,40454.432621868684,42598.74814476722
1956.075158260995,38536.74619122549,44434.93666403368
1838.9558490328295,29021.027225552636,45245.53367919387
3505.3249321698577,20189.691801752026,32978.481201518436
2134.7568804715206,25061.097446127154,35918.019050083254
5685.191099870478,14570.817797745874,49587.45570585395
2402.499737311576,31860.49121871402,36160.89224551798
3158.321574625613,15152.432956550132,23907.83602917161
1785.1244536172255,15223.566648739725,24855.564437263125
2229.4347801808162,11786.691657746029,23234.12476902573
1947.325494313651,18904.558810676215,21524.443702013872
3012.1059873334207,12354.188029175884,15885.005891534003
1252.9252261601998,15731.135916495807,19980.162555533545
1223.9718602310577,8569.608944567963,9113.013526642168
3076.6213840293344,26122.939308425994,26101.429115406376
1111.8409874706647,10306.16351885294,18203.75467507246
2298.357107921503,10971.38609049443,12129.16059923394
10074.550072275279,15426.775316667552,25619.35234215617
965.9499768071822,14063.684122650888,23760.947000898926
2691.5068725833635,14615.828698255109,32492.26552949243
4896.52869879315,20661.04883481519,28822.057540523343
1296.0855134777705,41899.470815608176,50254.26931268942
773.1782264511319,38616.30726268761,44883.13679216685
872.7292236619071,28222.75795891122,34259.14788425436
1010.2845828192825,21828.83040002783,26866.365681143423
6127.658963941686,18087.60526584754,20502.064981429347
687.9319504800106,14551.116809123196,36995.260323163595
1355.6560497624007,17997.673030695794,26011.17892733841
1363.476303446374,12474.115899279344,22425.94341216941
2282.4162240089013,26304.921057984637,30064.16492952384
2770.4618874276075,20329.202311250654,24885.92072573865
3233.7853784716317,21919.327414498137,25292.146481177988
2244.8614324662503,29602.869280795705,40042.34882341659
2255.100507874259,11579.886934873237,22413.186889741133
5315.392901566325,21048.660100934234,26487.66373740369
748.9267579116915,17455.5713750089,24489.71565814892
848.947556766914,17433.603574717337,33226.575004348706
1438.105062710368,22749.557187145605,26684.295716497585
1865.947889771861,22579.159661132955,22904.959367855412
1185.9686193863079,15816.918923719437,27713.444283922967
703.8907328764644,19525.70604218279,35549.77909051882
817.4081108303947,26186.697691147278,36121.199835544445
3932.164011239014,13411.383168589571,13411.383168589571
1677.8600350419563,24804.790888021602,43282.23436575467
7389.4663937555015,22515.79103655713,52417.598555383935
1616.1925816047476,29805.23263998142,90417.41359674964
2330.4486944099635,10116.449394296447,10567.690671219227
1377.6765945235552,10646.878336549345,57201.59897404848
3391.242300842062,14358.458472632212,34891.11539431309
2071.6651647630433,12295.635859536189,26517.3231971248
7554.058180370419,19116.12209893515,41591.249752608
4694.334479569229,17421.853888856884,32136.697835490006
1012.4388894253093,28305.919527518057,31015.0239695092
3127.591436634881,18288.71960500442,28828.6290498112
2459.7194320060185,15534.48356615108,23582.492327764587
1499.728779393709,14133.589553372474,20837.181894651814
1268.0350952561932,30278.260736146713,50394.53270243807
1420.1570921623054,14117.119593703539,22456.59372484645
2365.1746253459596,26679.39108691132,28614.314543328393
856.5155215040943,21672.72941123673,27903.537278876647
3252.0605342267986,29417.46267720742,34194.6062726427
1180.290679054721,13545.205123955275,21778.90027071144
1726.8528897248268,26933.04930694263,29603.395971589376
941.3766702506217,15918.907347758044,29124.7428106189
998.6287293614413,30260.545413360967,40234.10694375513
11706.925863529412,22435.126632839383,24775.842021531513
2270.390673819351,12586.695873369092,23044.073800359503
2900.186285516149,22427.47948412842,26427.8671167538
891.7966489991766,14851.630025595021,47596.18026626078
1444.4705844806545,21450.971826194847,29609.640213849405
609.1871805330486,14799.881816996247,18430.306330632262
737.3113393981529,18352.29961450369,22644.163186324888
1147.0765230045297,16870.394780238443,28696.80573568627
3441.660679998877,24603.869107761802,29960.60538516669
2126.375758355488,25376.38193464317,29023.063224123645
611.1255095381231,18586.6350831977,27974.79291844076
1011.565916876728,23227.34411622169,24360.98169484262
3838.3732160934874,17126.165522100073,24217.2320014765
1700.8479115146888,13664.989388539694,23804.359724791604
4873.959771657651,12918.918250661773,18333.86914547869
3571.5987592339275,14403.952326510767,15513.190623541333
3047.2152373643758,24712.436822798976,38860.44259476779
1004.8027258431492,35467.29599625128,46477.82098021033
3374.228879151493,13836.535773155774,22757.38980559757
1371.2178769010443,10759.870707512973,16617.333789375898
2569.1387637647144,14670.305579456133,35875.9085972073
9983.257885763933,13747.833589844186,41675.35130903557
1822.25378754536,28576.18317927199,34873.08310029226
3535.5990045955077,16955.320193003943,21662.923992853524
4574.355065230566,22114.416038079486,47897.67045535584
870.8611445247017,21009.408452051088,37547.21884019102
513.6593098056481,12555.415179519377,26576.982615483183
3056.552504866937,21060.18054208276,24585.390934273742
1287.5959113454326,13097.586452098432,27145.56000500385
2950.394458188739,32824.32046147107,35762.7176967656
3251.764447449664,91907.08515539987,98928.2662072232
1118.4316013459263,39986.6424400584,48255.866944229834
3256.855610098345,10751.84651538474,11056.044350593105
2887.7887535054797,18093.13900317525,21179.57862371193
2394.1586884099106,17237.83064417002,17176.361451872566
2622.1089382715827,72469.4023513118,89251.34254877197
2186.7397124513436,19827.086053510448,21092.82009416203
1587.626546117264,14132.271717776386,31030.712928993136
914.3435291296087,17229.820104211667,25016.03282099958
2587.0386121874503,19704.57007482164,56191.88410661524
2467.912805868934,15282.072341859115,24113.21497176819
2351.2679243761368,20567.718003716447,32966.12467265118
994.1665007030557,25965.401583145638,28466.659776956516
817.7043113266171,12822.38953496835,18193.476678525305
1714.0648939823184,11420.829489894895,24089.67944035276
2480.6649558642825,21544.310664051773,28276.40933426459
909.2730037371634,21101.752483769404,25910.754747289837
1369.508056350565,22272.267967978532,30455.987199871066
1668.782602022993,5350.797650531054,10650.478494724435
2637.705729739169,14863.662980817655,15359.863005701936
3864.81657631443,18314.33557670268,22047.78536856813
1347.049159206633,18256.252275943905,30317.793708079058
874.0323896853745,26173.475152171945,25930.44052734999
1779.2314123253727,12231.836857743776,20610.19006421307
5681.85581813365,17836.688388724346,26555.668920914097
2665.79574581108,48622.87498570772,54858.1128652665
949.9659438821882,16203.044508262838,25107.761765793824
755.9247047917858,22553.107855189253,32461.281761850063
3195.462585583461,10779.48045351371,26104.346078669303
1022.1217111674674,11394.098458889463,34568.9102279648
1761.3539678326758,18866.270861443125,28193.31962049183
1311.3886654346313,11022.20633625578,29389.973890973313
540.856122097535,17077.67306776301,26764.006909858595
2223.324941870793,22346.988780297896,29785.556229760674
2041.5244085471277,14439.413288771882,24557.675287089205
2761.2006204522313,9625.82288005726,9996.818614979678
3314.441072448593,21092.295630481225,32853.77962049765
1178.8619597503568,50403.37752413971,68874.56851359448
1070.130591214634,15910.389140863952,86822.5082554261
1043.1003754175256,16243.008985846338,31303.88334629812
566.3343025100614,14274.25355721412,39128.192373611026
1056.1233293835514,8535.79248301324,9159.816432386828
1731.9764928103962,17505.299911598,18500.718436526568
1597.3586485466521,26928.935295121493,35861.747389652555
3040.554566862895,10917.522684823252,13670.899396971965
1105.1833055214686,8012.815339601435,14648.46493640967
558.8382754011315,22659.648079371487,27062.723148604793
1384.895523161203,12992.508204056694,17043.618385614885
1259.416144547115,16205.602608043742,18852.238886096133
2215.9328950494983,23047.156445963563,23050.718807369918
3468.0051393063754,9669.100532036458,11902.846927206101
2032.4308365979668,15349.228755560453,44363.89526686986
6030.019825761379,20424.95574608576,25979.072540772904
1577.2517085006632,18305.92131737468,24127.461661150788
1944.7493981787134,33040.30024927819,36894.2223218262
856.4873211385459,33814.572113444134,37069.70495011315
1917.691221631719,20032.579409191523,33817.00042668649
878.658823355264,14440.085136192509,19265.87577665594
2293.7285215434767,38370.30410590926,49672.335928743385
1945.6271226697497,12292.931982460259,19821.52617045148
7782.293420458171,22027.18664389736,41789.66448951905
1184.0952986061616,11329.74939255702,32567.937961103085
2964.739251702822,17642.893354467036,24364.055956931727
1108.196102449662,24454.673396854578,26192.509881788996
4220.942046230279,11530.894571939381,54006.48253963764
790.7916022850895,14118.092038676861,16768.68459539585
1013.3021695637211,22551.029154169333,33047.94713026446
3474.81429443574,31834.16310175286,32610.555099031328
1414.437681829286,36049.216936386874,47698.98761718654
5184.627281733673,18604.698097195058,20634.02833869049
7155.591413030107,38105.763793016165,46857.38173098946
1965.4974275240634,17095.643083843053,44507.57890228456
852.6390142400664,19806.25008368043,28183.22957103285
931.5550008182006,8206.855164384408,11976.451973369143
934.3712618668486,21625.31953227773,21625.31953227773
2141.8971144866537,17245.76969000369,24108.420737366137
2123.5133560257846,11794.963706768956,24082.124987769457
1886.5871013854564,39522.22265038498,44287.83200852974
596.9927275587988,13016.843517479392,22236.37328438215
1991.2183109960627,22435.189862774354,34950.823676928325
1506.0617062645642,13249.968825587413,18999.160022309083
2051.376763040975,20068.4004550285,40389.82188375051
2201.371230561871,19118.80356940483,20389.048138758353
862.4750024181845,25979.291489333198,25979.291489333198
2307.0796972900866,17422.23630642736,20987.22135752646
818.9427608451231,13306.879461209684,34914.78709859892
2525.3450784199013,15649.532467528712,20184.617089929434
2411.563575522653,18908.862166805357,26345.573616857495
6843.345428588173,16271.25513612549,21214.99691319886
2561.997750105699,15330.54038766823,37526.21060155137
1164.2851145909099,20957.663096500655,25977.56880433123
1745.7403797944291,20680.76255898861,27061.336439142266
1470.8679216661835,23354.983091119582,45395.61186573448
4166.346624760097,12586.141244447948,14094.97550596547
970.583161727937,23757.905394328835,37274.83274003193
2123.5753003978543,11296.35387648229,28485.210797857057
941.4533934145566,13059.072310883972,13993.20011864072
1138.5668313145536,16545.51470352923,23315.940409989365
2000.239744926071,8613.699426037565,22252.33433941337
1261.9864904508938,13517.51715920457,20986.302463733977
2291.800025857804,24939.604050975762,116334.68031026318
2508.3830369496554,10007.856838927753,26413.34484472806
2361.944424282843,20627.749895688892,21803.784598381084
7277.471090970242,15021.839156820697,18442.765030659957
714.975434590272,21347.080325080693,25888.83301094336
1107.2749813155467,19925.762303001393,29935.315376912113
1056.5248616476956,19264.170054136877,27783.810033714493
803.2721378335806,29011.513537321396,48914.804793136165
3034.4625130575255,41706.52326406467,74645.8177037607
1305.4341128125318,13287.100329230945,20631.294332338406
2009.6341355451882,23257.120895431166,31373.882110726998
3302.9456542489315,17415.587735307367,46705.75853226702
3151.6467724746217,18294.654548276743,30928.3878505713
4651.2841093713605,15248.28323092828,28713.04806833547
12733.71362336354,25244.460954847567,38907.21242609518
1165.1414343858548,27597.73100115621,28158.83203250159
782.8598934873368,355847.7423440018,355847.7423440018
2330.3320667134403,10009.124291570693,13792.481907760168
884.5919463979263,26754.44252946898,27470.541310822304
1644.0837338465558,17511.268951125647,31126.535358643734
1297.5777764439467,38741.884161315604,53063.829468164586
6016.213790063774,12857.558605316615,46625.18373385406
1420.6240470048406,22445.83506755682,23828.26189144786
1837.554463097503,24780.156801417448,40609.89573711377
752.3725494246086,19471.954816151763,21818.289838686836
4859.055264518451,26400.81112810323,47412.63698034525
4073.40467512174,20891.743425000404,32723.03198996217
3148.7688162983277,26582.798487996082,33437.43172144048
1426.5655075172408,20738.954276287255,32090.582106070604
1176.3906114802849,15836.1588453262,15485.626478066637
588.8418861259752,69871.73071390657,86480.40173777274
1683.0322650638814,16749.52397292614,37404.391928869336
2965.2846131189335,34056.433330434396,38573.8477136887
1989.813201372161,14686.548352384138,23562.837632504084
1395.305750776242,26763.897894676014,70139.00756942028
5476.646233297351,22782.446451549713,36107.74741393228
1703.3535801805974,36176.40809839945,51437.99136074611
2785.854033165924,20220.276049628632,31942.52297206806
3758.7265239629933,27548.636277955327,31638.2279068376
1034.6097894222955,28212.3755017792,37414.6186897372
2902.815666193938,22814.531464530643,24878.42753371725
1758.6414616201494,36349.098062883466,49152.88501807583
1141.9411700819267,19462.394172184424,19462.394172184424
730.2419350836647,7105.072040090406,36694.74955360389
1929.7718641478723,32561.995695955975,35614.45876049726
1397.0251730090868,10111.240368218618,15215.749709990027
857.4369224289704,16154.675960265677,24392.21211818247
3092.200700524656,25825.166580851193,31988.559487208677
1181.1603920588589,12354.909376852065,45033.6449052876
1335.638473590387,15803.387676180759,30614.69841948645
1100.6495273578855,36515.53162389054,45012.45350824849
4986.447631841577,25317.592184679383,35938.9726677864
1807.1319835431443,10525.52999163275,69212.8304573833
8407.156655586412,22414.594879340562,37487.81884757668
1860.0560511024921,15124.316054514633,31764.382237859994
1965.0433460646636,9717.548679882118,13838.40660581435
348.4362280770887,15855.886971188302,22541.697722636618
1033.8446559129443,16725.6208505398,37914.89252803776
2695.3064093407324,12327.979046073973,21472.5140663176
4733.388841480743,30165.923276205496,74678.78649593782
2450.822127745408,10267.434747561472,14239.231620864228
1353.0969570145453,18668.363440030756,43972.01740883298
2815.4092114870086,29613.053141543664,83151.57770036717
3293.7537842210395,30411.47792990224,49284.93577601749
4782.775450291242,26345.099874578762,35157.031640210276
1949.774512144004,18794.885438124045,18794.885438124045
2821.2153355129335,15887.77076718159,22991.73511640612
1341.794675486146,22461.431966272114,23643.688523615834
1150.18491420812,12726.975273374808,18822.828798668248
1455.0185947215282,21190.92687371646,25797.498814699156
3976.908990929712,14617.89723719862,25418.868310584494
3348.4234898786663,22378.09454894995,79703.26463178368
882.6734034766371,14290.85415354708,21574.22943620139
6246.510835417435,23369.603269938623,27979.691107657738
630.1550347212436,24260.877965284555,27262.718598116342
1027.9925181126866,16172.700963109948,31505.558622030418
9644.522025290518,20613.377578091277,31161.431713554073
1244.5760831261687,11937.391320462177,20072.374359855825
1156.761185481665,39711.320589730814,47029.042760599485
2749.5811501251947,20264.918542438845,29150.0558689799
611.0145902077127,11947.453981270784,19420.842354605404
2215.187720101502,7040.9089912828185,6796.768089538423
1730.7711190849545,14495.44841767235,33937.27929178024
1833.1763952743506,15028.49574970452,19664.53211422419
1608.9376592738297,21210.462956257354,25214.03948045412
1193.5735247218151,14991.024803206768,21430.343331322834
2007.038115354053,9892.174433644572,17326.162489623697
452.2559913425194,16403.316239430518,16976.69150806885
2141.6388073469407,13475.30468692299,15840.938741471378
1249.967535297621,17174.041913824847,17840.93499312297
10024.42374660361,14991.170971670328,23763.84846740815
1137.931014025572,12401.031663498024,20404.470620478507
1065.867831344743,19459.73689721104,29048.557114907366
3089.2024602919287,33566.218009434895,42177.928857671825
1124.730490476239,14983.626199126687,69240.34670863496
16248.792799363706,57473.377056958234,74728.12202135845
945.7444320012527,17519.040948709066,18475.62477177425
4160.481790150532,20198.628385148455,27407.07435567927
991.1234837194673,12433.672123844117,29704.773378303657
2272.5922219255026,14282.429017018696,19240.83621879649
1076.580845544114,17344.646527984078,38892.66014705068
1722.323679196584,8202.784497084045,24434.598402307176
3412.013822788293,13441.511606180284,16722.797417577578
13134.096933035766,24482.640527996613,43768.00030582519
